销量排名,书名,作者,作者姓名,作者国家,出版年份,出版社,原价,折后价,折扣,百分比折扣,评论数,简介,match_text,所属分类
1,Python编程从入门到实践 第3版,[美]埃里克・马瑟斯（EricMatthes）,埃里克・马瑟斯,美,2023,人民邮电出版社,109.8,69.8,6.4,64%,25616,编程入门就选蟒蛇书！ 【经典】Python入门经典，常居Amazon等编程类图书TOP榜 【畅销】热销全球，以12个语种发行，影响超过 250 万读者 【口碑】好评如潮，第2版豆瓣评分 9.2，Amazon 4.7 星评 【升级】代码基于Python3.11升级，涵盖语言新特性 【资源丰富】随书代码 PPT课件 配套视频 速查手册 【自学利器】零基础书籍，自学轻松，附赠学习路线图 【品质提升】精雕细琢，邀请20位一线开发人员审读全书 学完蟒蛇书，你能打下坚实的编程基础、习得优秀的编程习惯，更会构建让自己终身受益的计算思维，而这也是AIGC时代与AI共生的基本技能。,python编程从入门到实践 第3版 编程入门就选蟒蛇书！ 【经典】python入门经典，常居amazon等编程类图书top榜 【畅销】热销全球，以12个语种发行，影响超过 250 万读者 【口碑】好评如潮，第2版豆瓣评分 9.2，amazon 4.7 星评 【升级】代码基于python3.11升级，涵盖语言新特性 【资源丰富】随书代码 ppt课件 配套视频 速查手册 【自学利器】零基础书籍，自学轻松，附赠学习路线图 【品质提升】精雕细琢，邀请20位一线开发人员审读全书 学完蟒蛇书，你能打下坚实的编程基础、习得优秀的编程习惯，更会构建让自己终身受益的计算思维，而这也是aigc时代与ai共生的基本技能。,Python基础入门
2,Python网络爬虫与数据分析从入门到实践,马国俊,马国俊,,2023,清华大学出版社,75.8,55.86,7.4,74%,226,突出特色是实战，所有知识都配合案例并给出详细操作，所有代码都有注释，可以说学习无障碍、无痛苦。 涉及多种流行的热门框架，包括爬虫框架如Urllib、BeautifulSoup、Scrapy，常用的数据分析库如Numpy、Pandas、Matplotlib等都行了详细介绍。 全流程讲解，从获取数据、数据预处理到数据分析和数据可视化，面面俱到。 技术先，除常用数据处理方法，还介绍了当前热门的中文文本处理，以及热门的机器学习算法在数据分析中的应用。 本书给出了大量示例和项目，可以帮助读者掌握一线技能，真正解决工作中遇到的问题。,python网络爬虫与数据分析从入门到实践 突出特色是实战，所有知识都配合案例并给出详细操作，所有代码都有注释，可以说学习无障碍、无痛苦。 涉及多种流行的热门框架，包括爬虫框架如urllib、beautifulsoup、scrapy，常用的数据分析库如numpy、pandas、matplotlib等都行了详细介绍。 全流程讲解，从获取数据、数据预处理到数据分析和数据可视化，面面俱到。 技术先，除常用数据处理方法，还介绍了当前热门的中文文本处理，以及热门的机器学习算法在数据分析中的应用。 本书给出了大量示例和项目，可以帮助读者掌握一线技能，真正解决工作中遇到的问题。,Python基础入门
3,Python完全自学教程,明日科技编著,明日科技编著,,2023,人民邮电出版社,71.9,57.54,8.0,80%,780,本书可作为Python自学手册。本书系统地介绍了Python程序设计发所涉及的各类知识。全书共19章，包括Python起步、Python语言基础、Python数据类型、运算符、条件控制语句、循环结构语句、序列、字符串、列表、字典与集合、文件与I/O、函数、GUI编程、异常处理及程序调试、Web编程、Web框架，以及3个实战案例即51商城、BBS问答社区、甜橙音乐网。全书每章内容都与实例紧密结合，有助于读者理解知识、应用知识，达到学以致用的目的。 本书附有配套资源包，资源包中有本书所有实例的源码及教学视频。其中，源码全部经过精心测试，能够在Windows 7、Windows 8、Windows 10操作系统下编译和运行。 本书可作为计算机、软件等相关专业的教材，同时也适合数据库爱好者、初级数据库发人员阅读参考。,python完全自学教程 本书可作为python自学手册。本书系统地介绍了python程序设计发所涉及的各类知识。全书共19章，包括python起步、python语言基础、python数据类型、运算符、条件控制语句、循环结构语句、序列、字符串、列表、字典与集合、文件与i/o、函数、gui编程、异常处理及程序调试、web编程、web框架，以及3个实战案例即51商城、bbs问答社区、甜橙音乐网。全书每章内容都与实例紧密结合，有助于读者理解知识、应用知识，达到学以致用的目的。 本书附有配套资源包，资源包中有本书所有实例的源码及教学视频。其中，源码全部经过精心测试，能够在windows 7、windows 8、windows 10操作系统下编译和运行。 本书可作为计算机、软件等相关专业的教材，同时也适合数据库爱好者、初级数据库发人员阅读参考。,Python基础入门
4,深度学习的数学――使用Python语言,[美]罗纳德・T・纽塞尔(RonaldT・Kneusel) 著,罗纳德・T・纽塞尔 著,美,2024,人民邮电出版社,71.8,57.47,8.0,80%,701,1.做中学，从代码来理解深度学习的数学 从本质上讲，这是一本数学书。但是，本书将使用代码来说明概念，而不是证明和练习。深度学习是一门应用学科，作者认为做中学，你才能理解它。因此，本书将使用代码来弥合纯数学知识和动手实践之间的差距。 2.循序渐，从基础到阶，从门到精通 本书各章内容相辅相成，基础章节后面紧跟阶的数学主题，最后讲解深度学习算法，涉及前面章节中涵盖的所有内容。一般而言，读者可以从前向后通读本书，对于熟悉的主题，则可以跳过。,深度学习的数学――使用python语言 1.做中学，从代码来理解深度学习的数学 从本质上讲，这是一本数学书。但是，本书将使用代码来说明概念，而不是证明和练习。深度学习是一门应用学科，作者认为做中学，你才能理解它。因此，本书将使用代码来弥合纯数学知识和动手实践之间的差距。 2.循序渐，从基础到阶，从门到精通 本书各章内容相辅相成，基础章节后面紧跟阶的数学主题，最后讲解深度学习算法，涉及前面章节中涵盖的所有内容。一般而言，读者可以从前向后通读本书，对于熟悉的主题，则可以跳过。,机器学习与深度学习
5,Python+Office:轻松实现Python办公自动化,王国平,王国平,,2021,电子工业出版社,63.2,55.3,8.7,87%,602,下载案例素材，边学边练 超多实用案例，学以致用 数据处理量更大，文件处理更快，让工作更高效！ Excel数据自动化处理、Word文本自动化处理、PPT自动化制作、邮件自动化处理、文件自动化处理全攻略！,python+office:轻松实现python办公自动化 下载案例素材，边学边练 超多实用案例，学以致用 数据处理量更大，文件处理更快，让工作更高效！ excel数据自动化处理、word文本自动化处理、ppt自动化制作、邮件自动化处理、文件自动化处理全攻略！,办公自动化
6,Python自动化办公很简单,朱宁,朱宁,,2025,清华大学出版社,69.8,54.4,7.8,78%,195,告别烦琐的重复性工作，向工作效率低下说 不 ！ 插上Python这对 翅膀 ，让你的办公效率飞起来！ 一起用Python编写能自动完成各种办公任务的代码吧！ 轻松上手：用通俗易懂的语言详细讲解Python自动化办公的相关技术和典型应用，即便是编程 小白 ，也能轻松上手并快速提高。 案例丰富：详解112个典型实战案例，手把手带领读者进行编程实践，从而帮助他们快速掌握并灵活运用Python自动化办公的相关技术。 经验分享：结合作者在Python编程实践中积累的丰富经验，为读者提供独特的视角和实用的建议，助力他们在工作中快速取得优势。 适用广泛：无论是刚进入职场的新手或者团队管理者，还是Python程序员或者自动化办公技术的其他爱好者，都能从本书中获得有价值的知识和启发。,python自动化办公很简单 告别烦琐的重复性工作，向工作效率低下说 不 ！ 插上python这对 翅膀 ，让你的办公效率飞起来！ 一起用python编写能自动完成各种办公任务的代码吧！ 轻松上手：用通俗易懂的语言详细讲解python自动化办公的相关技术和典型应用，即便是编程 小白 ，也能轻松上手并快速提高。 案例丰富：详解112个典型实战案例，手把手带领读者进行编程实践，从而帮助他们快速掌握并灵活运用python自动化办公的相关技术。 经验分享：结合作者在python编程实践中积累的丰富经验，为读者提供独特的视角和实用的建议，助力他们在工作中快速取得优势。 适用广泛：无论是刚进入职场的新手或者团队管理者，还是python程序员或者自动化办公技术的其他爱好者，都能从本书中获得有价值的知识和启发。,其他/跨领域融合
7,Python编程:从入门到实践(第3版),[美]埃里克・马瑟斯(EricMatthes) 著,埃里克・马瑟斯 著,美,2023,人民邮电出版社,69.8,54.9,7.9,79%,110,编程门就选蟒蛇书！ 【经典】Python门经典，常居Amazon等编程类图书TOP榜 【畅销】热销全球，以12个语种发行，影响超过 250 万读者 【口碑】好评如潮，第2版豆瓣评分 9.2，Amazon 4.7 星评 【升级】代码基于Python3.11升级，涵盖语言新特性 【资源丰富】随书代码 PPT课件 配套视频 速查手册 【自学利器】零基础书籍，自学轻松，附赠学习路线图 【品质提升】精雕细琢，邀请20位一线发人员审读全书 学完蟒蛇书，你能下坚实的编程基础、习得优秀的编程习惯，更会构建让自己终身受益的计算思维，而这也是AIGC时代与AI共生的基本技能。,python编程:从入门到实践(第3版) 编程门就选蟒蛇书！ 【经典】python门经典，常居amazon等编程类图书top榜 【畅销】热销全球，以12个语种发行，影响超过 250 万读者 【口碑】好评如潮，第2版豆瓣评分 9.2，amazon 4.7 星评 【升级】代码基于python3.11升级，涵盖语言新特性 【资源丰富】随书代码 ppt课件 配套视频 速查手册 【自学利器】零基础书籍，自学轻松，附赠学习路线图 【品质提升】精雕细琢，邀请20位一线发人员审读全书 学完蟒蛇书，你能下坚实的编程基础、习得优秀的编程习惯，更会构建让自己终身受益的计算思维，而这也是aigc时代与ai共生的基本技能。,Python基础入门
8,深度学习入门 基于Python的理论与实现,斋藤康毅,斋藤康毅,,2021,人民邮电出版社,69.8,44.2,6.3,63%,16102,1.日本深度学习入门经典畅销书，原版上市不足2年印刷已达100 000册。长期位列日亚 人工智能 类图书榜首，众多五星好评。 2.使用Python 3，尽量不依赖外部库或工具，从零创建一个深度学习模型。 3.示例代码清晰，源代码可下载，需要的运行环境非常简单。读者可以一边读书一边执行程序，简单易上手。 4.使用平实的语言，结合直观的插图和具体的例子，将深度学习的原理掰开揉碎讲解，简明易懂。 5.使用计算图介绍复杂的误差反向传播法，非常直观。 6.相比AI圣经 花书 ，本书更合适入门。 对于非AI方向的技术人员，本书将大大降低入门深度学习的门槛；对于在校大学生、研究生，本书不失为学习深度学习的一本好教材；即便是在工作中已经熟练使用框架开发各类深度学习模型的读者，也可以从本书中获得新的体会。 摘自本书译者序,深度学习入门 基于python的理论与实现 1.日本深度学习入门经典畅销书，原版上市不足2年印刷已达100 000册。长期位列日亚 人工智能 类图书榜首，众多五星好评。 2.使用python 3，尽量不依赖外部库或工具，从零创建一个深度学习模型。 3.示例代码清晰，源代码可下载，需要的运行环境非常简单。读者可以一边读书一边执行程序，简单易上手。 4.使用平实的语言，结合直观的插图和具体的例子，将深度学习的原理掰开揉碎讲解，简明易懂。 5.使用计算图介绍复杂的误差反向传播法，非常直观。 6.相比ai圣经 花书 ，本书更合适入门。 对于非ai方向的技术人员，本书将大大降低入门深度学习的门槛；对于在校大学生、研究生，本书不失为学习深度学习的一本好教材；即便是在工作中已经熟练使用框架开发各类深度学习模型的读者，也可以从本书中获得新的体会。 摘自本书译者序,Python基础入门
9,Python区块链量化交易,陈林仙,陈林仙,,2025,清华大学出版社,59.0,46.0,7.8,78%,272,本书是一本区块链量化交易编程的基础入门、项目实战的技术教程，既包括详细的基础知识介绍，又提供了丰富的实际项目开发案例，包括详细的项目开发步骤，每个代码片段都有详细的注释标注和对应的操作说明。本书将带你走进神秘的区块链量化交易世界，一起探索币安和欧易最基础的交易API的使用方法。,python区块链量化交易 本书是一本区块链量化交易编程的基础入门、项目实战的技术教程，既包括详细的基础知识介绍，又提供了丰富的实际项目开发案例，包括详细的项目开发步骤，每个代码片段都有详细的注释标注和对应的操作说明。本书将带你走进神秘的区块链量化交易世界，一起探索币安和欧易最基础的交易api的使用方法。,Python基础入门
10,笨办法学Python 原书第5版,[美]泽德A. 肖（Zed A.Shaw） 著小甲鱼译,泽德A. 肖 著小甲鱼译,美,2025,清华大学出版社,89.0,69.4,7.8,78%,317,60课介绍Python编程的基础知识,笨办法学python 原书第5版 60课介绍python编程的基础知识,Python基础入门
11,你好!Python,关东升,关东升,,2024,机械工业出版社,54.9,60.0,10.9,109%,728,本书以轻松幽默的语言，从零始介绍Python语言。书名来源于编程语言中最经典的Hello World程序，寓意带读者从门到精通。 书中每章都设有总结与扩展和同步练习，以及若干训练营，旨在通过综合案例巩固知识。本书还提供配套代码、课件、答疑服务，以及视频来辅助学习。 本书全彩印刷，目录采用幽默风格命名，使用漫画角色对话的形式讲解知识，以吸引读者学习兴趣。 无论您是编程新手，还是有经验的程序员，本书都将以浅显易懂的方式，带您掌握Python语言实用技能。您只要耐心学习践行，必将收获满满，现在请您始Python编程之旅吧！,你好!python 本书以轻松幽默的语言，从零始介绍python语言。书名来源于编程语言中最经典的hello world程序，寓意带读者从门到精通。 书中每章都设有总结与扩展和同步练习，以及若干训练营，旨在通过综合案例巩固知识。本书还提供配套代码、课件、答疑服务，以及视频来辅助学习。 本书全彩印刷，目录采用幽默风格命名，使用漫画角色对话的形式讲解知识，以吸引读者学习兴趣。 无论您是编程新手，还是有经验的程序员，本书都将以浅显易懂的方式，带您掌握python语言实用技能。您只要耐心学习践行，必将收获满满，现在请您始python编程之旅吧！,Python基础入门
12,小学生Python创意编程 视频教学版,刘凤飞,刘凤飞,,2024,清华大学出版社,89.0,69.4,7.8,78%,10074,《小学生Python创意编程（视频教学版）》《Python编程入门与实践》是一本适合孩子、家长和职场办公人员学习的Python编程教材。本书以Python基础为起点，深入浅出地介绍了Python自动化编程的知识和技巧。无论你是初学者还是有一定编程基础的读者，本书都能满足你的需求。 本书采用了孩子喜欢的趣味方式编写，语言简洁易懂，让读者轻松愉快地学习Python编程。同时，本书也按照入门开发者的思维方式编写，为孩子提供了学习编程的基础知识。如果你是成人或非计算机专业的学生，本书同样适合你，帮助你轻松掌握Python编程。 无论你是想学习编程提升职业技能，还是培养孩子的计算思维能力，本书都是你的不二选择。快来阅读本书吧，开启编程的奇妙世界！,小学生python创意编程 视频教学版 《小学生python创意编程（视频教学版）》《python编程入门与实践》是一本适合孩子、家长和职场办公人员学习的python编程教材。本书以python基础为起点，深入浅出地介绍了python自动化编程的知识和技巧。无论你是初学者还是有一定编程基础的读者，本书都能满足你的需求。 本书采用了孩子喜欢的趣味方式编写，语言简洁易懂，让读者轻松愉快地学习python编程。同时，本书也按照入门开发者的思维方式编写，为孩子提供了学习编程的基础知识。如果你是成人或非计算机专业的学生，本书同样适合你，帮助你轻松掌握python编程。 无论你是想学习编程提升职业技能，还是培养孩子的计算思维能力，本书都是你的不二选择。快来阅读本书吧，开启编程的奇妙世界！,Python基础入门
13,AI+Python医学数据分析实践,余本国韩惠蕊傅渝健,余本国韩惠蕊傅渝健,,2025,清华大学出版社,79.8,62.2,7.8,78%,231,本书特色 ? 《AI Python医学数据分析实践》以科研必知的极简Python语法为基础，逐步进阶到机器学习知识. ? 《AI Python医学数据分析实践》以TOP期刊论文为版本进行代码复现，了解机器学习在实际科研问题中的应用。 ? 《AI Python医学数据分析实践》赠送PPT课件，方便读者学习和使用。 读者对象 《AI Python医学数据分析实践》专为编程基础薄弱的医学生和科研工作者打造。无论是初学者还是有一定基础的读者，《AI Python医学数据分析实践》都能帮助你快速提升机器学习实战能力，走在技术前沿。,ai+python医学数据分析实践 本书特色 ? 《ai python医学数据分析实践》以科研必知的极简python语法为基础，逐步进阶到机器学习知识. ? 《ai python医学数据分析实践》以top期刊论文为版本进行代码复现，了解机器学习在实际科研问题中的应用。 ? 《ai python医学数据分析实践》赠送ppt课件，方便读者学习和使用。 读者对象 《ai python医学数据分析实践》专为编程基础薄弱的医学生和科研工作者打造。无论是初学者还是有一定基础的读者，《ai python医学数据分析实践》都能帮助你快速提升机器学习实战能力，走在技术前沿。,机器学习与深度学习
14,机器学习原理与Python实践,卓泽滨,卓泽滨,,2025,清华大学出版社,99.8,77.8,7.8,78%,151,全面、深入剖析机器学习的算法原理和模型构建等核心技术。 结合大量实例和两个实战项目案例展现各种算法的实际应用。 详解监督学习、无监督学习和强化学习的理论基础与应用场景。 详解模型训练中的风险函数、参数寻优方法，以及欠拟合与过拟合解决方案。 深入解析机器学习常用经典模型的基本原理及其Python实现。 详解数据标准化、异常值检测、缺失值处理和特征筛选等数据预处理技术。 详解两个典型项目实战案例，带领读者动手实践，提高实际开发水平。 内容丰富：详解机器学习的基础知识和相关算法原理并进行实践，还对深度学习的基础知识进行讲解，帮助读者系统掌握机器学习的完整知识体系。 循序渐进：从机器学习的基本概念和环境搭建开始讲解，逐步深入其算法原理和模型构建等核心技术，最后进行项目实战，学习梯度非常平滑。 理论结合,机器学习原理与python实践 全面、深入剖析机器学习的算法原理和模型构建等核心技术。 结合大量实例和两个实战项目案例展现各种算法的实际应用。 详解监督学习、无监督学习和强化学习的理论基础与应用场景。 详解模型训练中的风险函数、参数寻优方法，以及欠拟合与过拟合解决方案。 深入解析机器学习常用经典模型的基本原理及其python实现。 详解数据标准化、异常值检测、缺失值处理和特征筛选等数据预处理技术。 详解两个典型项目实战案例，带领读者动手实践，提高实际开发水平。 内容丰富：详解机器学习的基础知识和相关算法原理并进行实践，还对深度学习的基础知识进行讲解，帮助读者系统掌握机器学习的完整知识体系。 循序渐进：从机器学习的基本概念和环境搭建开始讲解，逐步深入其算法原理和模型构建等核心技术，最后进行项目实战，学习梯度非常平滑。 理论结合,机器学习与深度学习
15,程序是怎样跑起来的(第3版),[日]矢泽久雄著,矢泽久雄著,日,2022,人民邮电出版社,56.8,29.9,5.3,53%,614,★ 日文版重印41次！ ★ 计算机组成原理 图解趣味版 ★ 蹲马桶就能看懂的编程基础知识 本书适合 ○ 菜鸟程序员门阶 ○ 中级程序员查漏补缺 ○ 高手程序员向家人普及计算机知识 ========================================= ※ 如何向小学生讲解CPU和二制？ ※ 如何向中学生讲解内存和磁盘？ ※ 如何向女高中生讲解操作系统的原理？ ※ 如何向老奶奶说明显示器和电视的不同？ 如果你完全没有思路，就应该读一读这本书。 ★ 以图配文，深讲解编程基础知识 ★ 语言通俗，即使是文科生也能看得懂 ★ 特设 如果是你，你会怎么讲？ 专栏，生动有趣,程序是怎样跑起来的(第3版) ★ 日文版重印41次！ ★ 计算机组成原理 图解趣味版 ★ 蹲马桶就能看懂的编程基础知识 本书适合 ○ 菜鸟程序员门阶 ○ 中级程序员查漏补缺 ○ 高手程序员向家人普及计算机知识 ========================================= ※ 如何向小学生讲解cpu和二制？ ※ 如何向中学生讲解内存和磁盘？ ※ 如何向女高中生讲解操作系统的原理？ ※ 如何向老奶奶说明显示器和电视的不同？ 如果你完全没有思路，就应该读一读这本书。 ★ 以图配文，深讲解编程基础知识 ★ 语言通俗，即使是文科生也能看得懂 ★ 特设 如果是你，你会怎么讲？ 专栏，生动有趣,青少年/趣味编程
16,奇思妙想：Python青少年趣味编程101例（视频教学版）,徐苑琳,徐苑琳,,2025,清华大学出版社,99.8,77.8,7.8,78%,385,本书是一本专为青少年量身打造的Python编程入门宝典！如果你对编程充满好奇，却又不知从何下手，这本书绝对是你的不二之选！ 书中精心设计了101个趣味横生的编程案例。不仅涵盖了Python编程的基础语法，还融入了算法思维和代码逻辑的训练，让青少年在动手实践中逐步掌握编程的精髓。最值得一提的是，这本书配备了详细的视频教学！视频中，专业老师会一步步带你走进编程的世界，从代码的输入到程序的运行，每一个细节都清晰可见。即使是没有编程基础的初学者，也能轻松上手，快速掌握Python编程的技巧。 无论是想培养编程兴趣，还是为未来的科技学习打下坚实基础，《奇思妙想：Python青少年趣味编程101例（视频教学版）》都将是你最好的伙伴！快来开启你的编程之旅吧！,奇思妙想：python青少年趣味编程101例（视频教学版） 本书是一本专为青少年量身打造的python编程入门宝典！如果你对编程充满好奇，却又不知从何下手，这本书绝对是你的不二之选！ 书中精心设计了101个趣味横生的编程案例。不仅涵盖了python编程的基础语法，还融入了算法思维和代码逻辑的训练，让青少年在动手实践中逐步掌握编程的精髓。最值得一提的是，这本书配备了详细的视频教学！视频中，专业老师会一步步带你走进编程的世界，从代码的输入到程序的运行，每一个细节都清晰可见。即使是没有编程基础的初学者，也能轻松上手，快速掌握python编程的技巧。 无论是想培养编程兴趣，还是为未来的科技学习打下坚实基础，《奇思妙想：python青少年趣味编程101例（视频教学版）》都将是你最好的伙伴！快来开启你的编程之旅吧！,Python基础入门
17,Python从入门到精通 第3版,明日科技,明日科技,,2023,清华大学出版社,89.8,85.3,9.5,95%,3745,软件开发视频大讲堂 丛书是清华社计算机专业基础类零售图书畅销品牌之一。 （1）2008 2023年，丛书累计修订7次，销售400万册，深受广大程序员喜爱。 （2）4本荣获 全行业优畅销书 奖，1本荣获清华社 专业畅销书 一等奖，多数品种在全国计算机零售图书排行榜排行中名列前茅。 （3）实用、易懂、资源丰富，被数百所高校选为专业课教材。 《Python从入门到精通（第3版）》以长更新稳定版本Python 3.11.0为基础，图书特点如下。 1. 学通Python只需要4步：基础知识 核心技术 高级应用 项目实战，符合认知规律。 2. 271集同步教学微课 强化实战训练 在线答疑，夯实基础，精准，有效，速练，适合自学。 3. 127个应用实例 32个综合练习 5个项目案例，学习1小时，训练10小时，从入门到项目上线，真正成为Python高手。 4. 根据图书首页说明，扫描书中二维码，打开明日科技账号注,python从入门到精通 第3版 软件开发视频大讲堂 丛书是清华社计算机专业基础类零售图书畅销品牌之一。 （1）2008 2023年，丛书累计修订7次，销售400万册，深受广大程序员喜爱。 （2）4本荣获 全行业优畅销书 奖，1本荣获清华社 专业畅销书 一等奖，多数品种在全国计算机零售图书排行榜排行中名列前茅。 （3）实用、易懂、资源丰富，被数百所高校选为专业课教材。 《python从入门到精通（第3版）》以长更新稳定版本python 3.11.0为基础，图书特点如下。 1. 学通python只需要4步：基础知识 核心技术 高级应用 项目实战，符合认知规律。 2. 271集同步教学微课 强化实战训练 在线答疑，夯实基础，精准，有效，速练，适合自学。 3. 127个应用实例 32个综合练习 5个项目案例，学习1小时，训练10小时，从入门到项目上线，真正成为python高手。 4. 根据图书首页说明，扫描书中二维码，打开明日科技账号注,Python基础入门
18,Python网络爬虫入门到实战,"杨涵文,周培源,陈姗姗","杨涵文,周培源,陈姗姗",,2023,机械工业出版社,79.2,59.0,7.4,74%,168,本书作者不吃西红柿、川川都是在CSDN等专业网站拥有全网50万粉丝的专业级博主，意见领袖。本书从基础知识到案例实战，200多个案例代码，近200个知识。,python网络爬虫入门到实战 本书作者不吃西红柿、川川都是在csdn等专业网站拥有全网50万粉丝的专业级博主，意见领袖。本书从基础知识到案例实战，200多个案例代码，近200个知识。,Python基础入门
19,强劲的Python:现代Python编程的模式与策略,(美)亚伦・麦克斯韦(AaronMaxwell),亚伦・麦克斯韦,美,2025,机械工业出版社,63.2,47.0,7.4,74%,23,本书并非关于Python知识的一站式全面指南，而是以Python的核心编程范式为主线，从生成器、推导式等基础工具切，逐步深到装饰器、魔术方法等高级特性，为读者面向对象编程的全新视角，旨在传授Python相关技术、模式和工具，让读者的Python编程技能实现质的飞跃。书中精心设计的实战案例贯穿始终：从文本处理中的生成器组合，到工厂模式在框架设计中的应用，再到日志系统的企业级配置，每个章节都将理论与实践完美结合。具体内容包括如何使用生成器行扩展、如何使用推导式创建集合，以及高级函数、装饰器、异常和错误、类和对象、自动化测试、模块管理、Python日志等。,强劲的python:现代python编程的模式与策略 本书并非关于python知识的一站式全面指南，而是以python的核心编程范式为主线，从生成器、推导式等基础工具切，逐步深到装饰器、魔术方法等高级特性，为读者面向对象编程的全新视角，旨在传授python相关技术、模式和工具，让读者的python编程技能实现质的飞跃。书中精心设计的实战案例贯穿始终：从文本处理中的生成器组合，到工厂模式在框架设计中的应用，再到日志系统的企业级配置，每个章节都将理论与实践完美结合。具体内容包括如何使用生成器行扩展、如何使用推导式创建集合，以及高级函数、装饰器、异常和错误、类和对象、自动化测试、模块管理、python日志等。,高阶开发与配套基础
20,Python量化投资:技术、模型与策略,赵志强;刘志伟,赵志强;刘志伟,,2020,机械工业出版社,57.0,51.35,9.0,90%,151,"全书共18章，前11章主要讲解基础知识。第1章介绍了什么是量化投资，以及为什么要用Python。第2章介绍了如何搭建基础环境，介绍了常用的一些工具。第3章讲解python的基本应用和常用的库。第4章介绍python数据分析中常用的Numpy, Scipy, Pandas。第5章介绍数据分析的基础方法。第6章介绍数据的可视化，使用matplotlib库。第7章介绍基础的金融分析方法。第8章介绍技术分析和时序序列分析，从业界和学术界两种角度来行分析。第9章介绍了投资组合理论和由此衍生出来的多因子模型。第10章介绍了金融市场中衍生品的分析，以期货和期权为主。第11章从利率始，介绍了债券的分析方法。  从第12章始实战篇。第12章讲解中国金融市场，主要针对二级市场，并介绍了针对不同市场的基本投资策略。第13章介绍了，研究策略时，所需的数据来源，源数据和商业数据库都有介绍。并且介绍目前比较流行的python的源数据源。第14章介绍了如何建立数据库，并且讲解针对不同数据，如何设计数据库。第15章介绍了策略研究基本概念，方法论和流程。第16章介绍了行自动化交易的口，并且介绍了目前比较流行的源项目vn","python量化投资:技术、模型与策略 全书共18章，前11章主要讲解基础知识。第1章介绍了什么是量化投资，以及为什么要用python。第2章介绍了如何搭建基础环境，介绍了常用的一些工具。第3章讲解python的基本应用和常用的库。第4章介绍python数据分析中常用的numpy, scipy, pandas。第5章介绍数据分析的基础方法。第6章介绍数据的可视化，使用matplotlib库。第7章介绍基础的金融分析方法。第8章介绍技术分析和时序序列分析，从业界和学术界两种角度来行分析。第9章介绍了投资组合理论和由此衍生出来的多因子模型。第10章介绍了金融市场中衍生品的分析，以期货和期权为主。第11章从利率始，介绍了债券的分析方法。  从第12章始实战篇。第12章讲解中国金融市场，主要针对二级市场，并介绍了针对不同市场的基本投资策略。第13章介绍了，研究策略时，所需的数据来源，源数据和商业数据库都有介绍。并且介绍目前比较流行的python的源数据源。第14章介绍了如何建立数据库，并且讲解针对不同数据，如何设计数据库。第15章介绍了策略研究基本概念，方法论和流程。第16章介绍了行自动化交易的口，并且介绍了目前比较流行的源项目vn",数据分析与可视化
21,Python全栈开发――Web编程,夏正东,夏正东,,2025,清华大学出版社,79.0,61.6,7.8,78%,154,本书是一本同时汇集了Flask和Django全开发流程的Python高阶书籍。除了涵盖知识点广泛的特点之外，其内容编排也非常新颖，各章节之间既有独立性，又能递进支撑，可以有效缩短学习的时间和成本。此外，本书搭配了多个示例代码和综合项目，使原本就比较难以理解和学习的Web编程变得更容易接受，极大地提升了读者的学习乐趣和信心。,python全栈开发――web编程 本书是一本同时汇集了flask和django全开发流程的python高阶书籍。除了涵盖知识点广泛的特点之外，其内容编排也非常新颖，各章节之间既有独立性，又能递进支撑，可以有效缩短学习的时间和成本。此外，本书搭配了多个示例代码和综合项目，使原本就比较难以理解和学习的web编程变得更容易接受，极大地提升了读者的学习乐趣和信心。,高阶开发与配套基础
22,Python编程：从入门到实践,（美）埃里克・马瑟斯（EricMatthes）,埃里克・马瑟斯,美,2016,人民邮电出版社,71.3,44.5,6.2,62%,738,到有编程基础的程序员，下到10岁少年，想门Python并达到可以发实际项目的水平，本书是读者*！ 本书是一本全面的从门到实践的Python编程教程，带领读者快速掌握编程基础知识、编写出能解决实际问题的代码并发复杂项目。 书中内容分为基础篇和实战篇两部分。基础篇介绍基本的编程概念，如列表、字典、类和循环，并指导读者编写整洁且易于理解的代码。另外还介绍了如何让程序能够与用户交互，以及如何在代码运行前行测试。实战篇介绍如何利用新学到的知识发功能丰富的项目：2D游戏《外星人侵》，数据可视化实战，Web应用程序。,python编程：从入门到实践 到有编程基础的程序员，下到10岁少年，想门python并达到可以发实际项目的水平，本书是读者*！ 本书是一本全面的从门到实践的python编程教程，带领读者快速掌握编程基础知识、编写出能解决实际问题的代码并发复杂项目。 书中内容分为基础篇和实战篇两部分。基础篇介绍基本的编程概念，如列表、字典、类和循环，并指导读者编写整洁且易于理解的代码。另外还介绍了如何让程序能够与用户交互，以及如何在代码运行前行测试。实战篇介绍如何利用新学到的知识发功能丰富的项目：2d游戏《外星人侵》，数据可视化实战，web应用程序。,Python基础入门
23,数亦有道:Python数据科学指南,王树义翟羽佳著,王树义翟羽佳著,,2021,人民邮电出版社,71.0,31.43,4.4,44%,374,1.Python数据科学指南，结合数据科学的具体应用场景，由浅深的引导读者学习。 2.以问题为导向，用具体应用场景讲明白如何选择、使用合适的数据科学工具。 3.以生动的案例引出问题解决方法，提供完整代码和步骤流程，可参考，可上手。 4.深浅出，对新手友好，本书尽量不使用数学公式和晦涩的术语。 5.提供同步讲解视频，帮助读者加深对书中难、重的理解。,数亦有道:python数据科学指南 1.python数据科学指南，结合数据科学的具体应用场景，由浅深的引导读者学习。 2.以问题为导向，用具体应用场景讲明白如何选择、使用合适的数据科学工具。 3.以生动的案例引出问题解决方法，提供完整代码和步骤流程，可参考，可上手。 4.深浅出，对新手友好，本书尽量不使用数学公式和晦涩的术语。 5.提供同步讲解视频，帮助读者加深对书中难、重的理解。,数据分析与可视化
24,Python编程三剑客第3版：Python编程从入门到实践第3版+快速上手第2版+极客项目编程第2版（当当套装共3册）,[美]埃里克・马瑟斯,埃里克・马瑟斯,美,2024,人民邮电出版社,268.6,134.3,5.0,50%,2096,《Python编程 从入门到实践 第3版》 编程入门就选蟒蛇书！ 【经典】Python入门经典，常居Amazon等编程类图书TOP榜 【热销】热销全球，以12个语种发行，影响超过 250 万读者 【口碑】好评如潮，第2版豆瓣评分 9.2，Amazon 4.7 星评 【升级】代码基于Python3.11升级，涵盖语言新特性 【资源丰富】随书代码 PPT课件 配套视频 速查手册 【自学利器】零基础书籍，自学轻松，附赠学习路线图 【品质提升】精雕细琢，邀请20位一线开发人员审读全书 学完蟒蛇书，你能打下坚实的编程基础、习得优秀的编程习惯，更会构建让自己终身受益的计算思维，而这也是AIGC时代与AI共生的基本技能。 《Python编程快速上手 让繁琐工作自动化 第2版》 Python编程从入门到实践姊妹篇，零基础自学Python教程书籍。 原版图书美亚评分4.7星，众多高校选用，初版译著豆瓣评分8.9分！ 1.升级版，第1版,python编程三剑客第3版：python编程从入门到实践第3版+快速上手第2版+极客项目编程第2版（当当套装共3册） 《python编程 从入门到实践 第3版》 编程入门就选蟒蛇书！ 【经典】python入门经典，常居amazon等编程类图书top榜 【热销】热销全球，以12个语种发行，影响超过 250 万读者 【口碑】好评如潮，第2版豆瓣评分 9.2，amazon 4.7 星评 【升级】代码基于python3.11升级，涵盖语言新特性 【资源丰富】随书代码 ppt课件 配套视频 速查手册 【自学利器】零基础书籍，自学轻松，附赠学习路线图 【品质提升】精雕细琢，邀请20位一线开发人员审读全书 学完蟒蛇书，你能打下坚实的编程基础、习得优秀的编程习惯，更会构建让自己终身受益的计算思维，而这也是aigc时代与ai共生的基本技能。 《python编程快速上手 让繁琐工作自动化 第2版》 python编程从入门到实践姊妹篇，零基础自学python教程书籍。 原版图书美亚评分4.7星，众多高校选用，初版译著豆瓣评分8.9分！ 1.升级版，第1版,Python基础入门
25,智能优化算法改进：从入门到MATLAB、Python编程实践,陈克伟，魏曙光，范旭,陈克伟，魏曙光，范旭,,2024,清华大学出版社,99.0,94.1,9.5,95%,125,（1）聚焦经典，掌握精髓：以粒子群算法切入，详解数十种实用改进策略（混沌映射、随机变异、多策略融合）。（2）双语言实现，零障碍学习：所有算法均提供MATLAB+Python完整可运行代码，直接验证、快速上手。（3）案例驱动，解决真问题：包含完整建模过程与改进应用案例（如函数寻优、算法对比测试），省时省力。（4）内容扎实，即查即用：涵盖基准测试集、评价指标、深入改进方案（自适应权重、竞争学习、粒子调度），学生做研究、工程师搞开发都能用。,智能优化算法改进：从入门到matlab、python编程实践 （1）聚焦经典，掌握精髓：以粒子群算法切入，详解数十种实用改进策略（混沌映射、随机变异、多策略融合）。（2）双语言实现，零障碍学习：所有算法均提供matlab+python完整可运行代码，直接验证、快速上手。（3）案例驱动，解决真问题：包含完整建模过程与改进应用案例（如函数寻优、算法对比测试），省时省力。（4）内容扎实，即查即用：涵盖基准测试集、评价指标、深入改进方案（自适应权重、竞争学习、粒子调度），学生做研究、工程师搞开发都能用。,Python基础入门
26,Python项目实战从入门到精通,方健;孙悦;邵芳;等,方健;孙悦;邵芳;等,,2020,机械工业出版社,54.5,59.9,11.0,110%,129,《Python项目实战从门到精通》全面讲述了Python的基础知识和相关发技术。全书分为三部分，共10章。第壹部分为基础篇（第1~5章），介绍Python的起源和发展、发工具、语法基础、控制结构、复合数据结构、函数、科学计算库NumPy以及绘图工具Matplotlib等内容；第二部分为提高篇（第6~7章），深讲解了机器学习典型算法、神经网络典型算法以及它们的Python发实现过程；第三部分为高级篇（第8~10章），主要介绍了图像识别和人脸识别的原理方法以及它们的Python发实现过程。   《Python项目实战从门到精通》以人工智能中的机器学习和深度学习为载体，突出Python发技术的实际应用。在编写体例上，以问题为导向，注重知行合一，按照由简到难、由浅深、螺旋上升的方式设置学习内容，引导读者循序渐地掌握基本原理方法，并熟练运用Python。   本书可作为人工智能、机器学习、人脸识别等应用领域工程技术人员的参考手册，也可作为大中专院校人工智能、大数据科学与技术、自动化、机器人工程、智能仪器仪表、机电一体化等专业及社会培训班有关Python课程的培训教材。<br/>,python项目实战从入门到精通 《python项目实战从门到精通》全面讲述了python的基础知识和相关发技术。全书分为三部分，共10章。第壹部分为基础篇（第1~5章），介绍python的起源和发展、发工具、语法基础、控制结构、复合数据结构、函数、科学计算库numpy以及绘图工具matplotlib等内容；第二部分为提高篇（第6~7章），深讲解了机器学习典型算法、神经网络典型算法以及它们的python发实现过程；第三部分为高级篇（第8~10章），主要介绍了图像识别和人脸识别的原理方法以及它们的python发实现过程。   《python项目实战从门到精通》以人工智能中的机器学习和深度学习为载体，突出python发技术的实际应用。在编写体例上，以问题为导向，注重知行合一，按照由简到难、由浅深、螺旋上升的方式设置学习内容，引导读者循序渐地掌握基本原理方法，并熟练运用python。   本书可作为人工智能、机器学习、人脸识别等应用领域工程技术人员的参考手册，也可作为大中专院校人工智能、大数据科学与技术、自动化、机器人工程、智能仪器仪表、机电一体化等专业及社会培训班有关python课程的培训教材。<br/>,Python基础入门
27,俗说矩阵――线性代数详解（Python+MATLAB）,苏临之曹欣,苏临之曹欣,,2025,清华大学出版社,99.0,77.2,7.8,78%,743,从矩阵的本质理解线性代数,俗说矩阵――线性代数详解（python+matlab） 从矩阵的本质理解线性代数,高阶开发与配套基础
28,深度学习进阶 自然语言处理,[日]斋藤康毅,斋藤康毅,日,2020,人民邮电出版社,99.0,49.5,5.0,50%,3095,豆瓣评分9.4的畅销书《深度学习入门：基于Python的理论与实现》续作，带你快速直达自然语言处理领域！ 1.简明易懂 本书内容精炼，聚焦深度学习视角下的自然语言处理，延续前作的行文风格，采用通俗的语言和大量直观的示意图详细讲解，帮助读者加深对深度学习技术的理解，轻松入门自然语言处理。 2.侧重原理 不依赖外部库，使用Python 3从零开始创建深度学习程序，通过亲自创建程序并运行，读者可透彻掌握word2vec、RNN、LSTM、GRU、seq2seq和Attention等技术背后的运行原理。 3.学习曲线平缓 按照 文字介绍 代码实现 分析结果 发现问题 进行改善 的流程，逐步深入，读者只需具备基础的神经网络和Python知识，即可轻松读懂。 4.提供源代码 5.双色印刷,深度学习进阶 自然语言处理 豆瓣评分9.4的畅销书《深度学习入门：基于python的理论与实现》续作，带你快速直达自然语言处理领域！ 1.简明易懂 本书内容精炼，聚焦深度学习视角下的自然语言处理，延续前作的行文风格，采用通俗的语言和大量直观的示意图详细讲解，帮助读者加深对深度学习技术的理解，轻松入门自然语言处理。 2.侧重原理 不依赖外部库，使用python 3从零开始创建深度学习程序，通过亲自创建程序并运行，读者可透彻掌握word2vec、rnn、lstm、gru、seq2seq和attention等技术背后的运行原理。 3.学习曲线平缓 按照 文字介绍 代码实现 分析结果 发现问题 进行改善 的流程，逐步深入，读者只需具备基础的神经网络和python知识，即可轻松读懂。 4.提供源代码 5.双色印刷,Python基础入门
29,Python AI游戏编程入门――基于Pygame和PyTorch,肖凯,肖凯,,2024,人民邮电出版社,64.6,25.99,4.0,40%,320,机器学习算法专家基于学习规律而作 通过游戏发透彻讲解Python编程思路 拆解底层知识让读者理解AI训练的逻辑与方法 让读者在设计游戏的愉悦中学习人工智能知识,python ai游戏编程入门――基于pygame和pytorch 机器学习算法专家基于学习规律而作 通过游戏发透彻讲解python编程思路 拆解底层知识让读者理解ai训练的逻辑与方法 让读者在设计游戏的愉悦中学习人工智能知识,Python基础入门
30,线性代数与Python解法,徐子珊著,徐子珊著,,2024,人民邮电出版社,55.8,44.67,8.0,80%,236,好人工智能数学的基础。 用程序揭示数学之美。 国防科技大学博士团队审校，理论与实用结合。 104道例题全面诠释线性代数理论及方法。 108道练习题提升读者应用能力。 Python解法全覆盖内容所涉的知识。 内容涵盖现行理工科《线性代数》课程大纲，与同名课程无缝衔。,线性代数与python解法 好人工智能数学的基础。 用程序揭示数学之美。 国防科技大学博士团队审校，理论与实用结合。 104道例题全面诠释线性代数理论及方法。 108道练习题提升读者应用能力。 python解法全覆盖内容所涉的知识。 内容涵盖现行理工科《线性代数》课程大纲，与同名课程无缝衔。,高阶开发与配套基础
31,scikit-learn机器学习超入门,黄永昌,黄永昌,,2025,清华大学出版社,69.8,54.4,7.8,78%,157,拨开笼罩在机器学习知识上方复杂的数学 乌云 。 门槛超低，让数学功底薄弱的读者也可快速入门机器学习。 详解机器学习的应用场景、编程步骤、Python开发包和算法模型性能评估。 结合近100幅示意图，详解机器学习的8个常用算法的基本原理与应用。 通过20多个典型示例和8个综合应用实例，手把手带领读者进行应用实践。 提供79道典型习题，帮助读者巩固和自测所学知识，学习效果更好。 免费提供书中涉及的配套源代码和教学PPT等超值资源。 门槛超低：拨开笼罩在机器学习上方复杂的数学 乌云 ，让不具备深厚数学功底的读者也可以快速入门机器学习。 通俗易懂：尽量避免大篇幅讲解晦涩难懂的专业术语和数学公式，而是用平实的语言将机器学习常用算法的基本原理讲透，并结合大量的图示、示例和实例帮助读者理解，非常符合学习和认知规律。 内容丰富：,scikit-learn机器学习超入门 拨开笼罩在机器学习知识上方复杂的数学 乌云 。 门槛超低，让数学功底薄弱的读者也可快速入门机器学习。 详解机器学习的应用场景、编程步骤、python开发包和算法模型性能评估。 结合近100幅示意图，详解机器学习的8个常用算法的基本原理与应用。 通过20多个典型示例和8个综合应用实例，手把手带领读者进行应用实践。 提供79道典型习题，帮助读者巩固和自测所学知识，学习效果更好。 免费提供书中涉及的配套源代码和教学ppt等超值资源。 门槛超低：拨开笼罩在机器学习上方复杂的数学 乌云 ，让不具备深厚数学功底的读者也可以快速入门机器学习。 通俗易懂：尽量避免大篇幅讲解晦涩难懂的专业术语和数学公式，而是用平实的语言将机器学习常用算法的基本原理讲透，并结合大量的图示、示例和实例帮助读者理解，非常符合学习和认知规律。 内容丰富：,Python基础入门
32,Python从入门到全栈开发,钱超,钱超,,2022,清华大学出版社,80.0,70.0,8.8,88%,124,本书从Python基础知识始讲解，一直到发一个完整的实战项目，直到将发完毕的项目一步步发布到线上。其中涉及Python的编程基础、数据存储、数据可视化、数据爬取、Web前端技能、Web实战项目的发等，对Python应用所涉及的各个知识都行了详细的介绍。除了示例代码外，本书在每个重知识处都会给出完整的可运行的代码，并且每行新知识的代码处都会有详细的注释，代码前后都会有编写代码的思路及技巧，帮助读者快速全面地掌握Python的发技能，轻松快速地理解代码的运行机制及代码编写的思想。,python从入门到全栈开发 本书从python基础知识始讲解，一直到发一个完整的实战项目，直到将发完毕的项目一步步发布到线上。其中涉及python的编程基础、数据存储、数据可视化、数据爬取、web前端技能、web实战项目的发等，对python应用所涉及的各个知识都行了详细的介绍。除了示例代码外，本书在每个重知识处都会给出完整的可运行的代码，并且每行新知识的代码处都会有详细的注释，代码前后都会有编写代码的思路及技巧，帮助读者快速全面地掌握python的发技能，轻松快速地理解代码的运行机制及代码编写的思想。,Python基础入门
33,Python金融量化分析,肖建军、高拴平,肖建军、高拴平,,2024,清华大学出版社,79.8,62.2,7.8,78%,1642,前海开源基金合伙人王宏远和量化投资总监陆琦，以及摩根大通前中国投资银行主席龚方雄力荐。 将计量经济学与现代金融学理论融入金融量化分析与交易策略设计之中。 结合应用案例详解趋势追踪、小市值、海龟交易和网格交易等常用策略的实现方法。 详解金融量化分析需要掌握的大部分开源模块，包括Pandas、NumPy、TA-Lib、Empyrical、Mplfinance和Backtrader等，实现免费获取金融数据、清洗数据、存储数据和构建金融交易策略（回测）等需求。 书中的每个示例都按照 示例 实现代码 程序输出结果 程序说明 的模式进行讲解，思路清晰，易于理解。 不仅详细介绍各种常用量化交易策略代码的实现过程，而且对量化交易策略的实际回测结果给出说明，尽量避免出现 代码正确无误，而回测效果一塌糊涂 的情况。 结合208个典型示例讲解，每个示例均力求贴近实战需求，有较,python金融量化分析 前海开源基金合伙人王宏远和量化投资总监陆琦，以及摩根大通前中国投资银行主席龚方雄力荐。 将计量经济学与现代金融学理论融入金融量化分析与交易策略设计之中。 结合应用案例详解趋势追踪、小市值、海龟交易和网格交易等常用策略的实现方法。 详解金融量化分析需要掌握的大部分开源模块，包括pandas、numpy、ta-lib、empyrical、mplfinance和backtrader等，实现免费获取金融数据、清洗数据、存储数据和构建金融交易策略（回测）等需求。 书中的每个示例都按照 示例 实现代码 程序输出结果 程序说明 的模式进行讲解，思路清晰，易于理解。 不仅详细介绍各种常用量化交易策略代码的实现过程，而且对量化交易策略的实际回测结果给出说明，尽量避免出现 代码正确无误，而回测效果一塌糊涂 的情况。 结合208个典型示例讲解，每个示例均力求贴近实战需求，有较,数据分析与可视化
34,机器学习 全彩图解 + 微课 + Python编程 鸢尾花数学大系：从加减乘除到机器学习,姜伟生,姜伟生,,2024,清华大学出版社,238.0,226.1,9.5,95%,2189,这是一本前所未见的数据可视化入门书，颜值极高。姜伟生博士自谦 小镇做题家 ，实际上他是国际著名金融企业的金融科技专家。很难想象一位以 术数 为业的金融家具备如此彻底的分享动机，同时，姜博士有着卓越的艺术品位和设计能力，不仅承担了这套书的精深内容，更承担了全系图书的整体设计。希望读者从枯燥的常规数学书中解脱出来，赏心悦目地慢慢走入缤纷的AI宇宙。,机器学习 全彩图解 + 微课 + python编程 鸢尾花数学大系：从加减乘除到机器学习 这是一本前所未见的数据可视化入门书，颜值极高。姜伟生博士自谦 小镇做题家 ，实际上他是国际著名金融企业的金融科技专家。很难想象一位以 术数 为业的金融家具备如此彻底的分享动机，同时，姜博士有着卓越的艺术品位和设计能力，不仅承担了这套书的精深内容，更承担了全系图书的整体设计。希望读者从枯燥的常规数学书中解脱出来，赏心悦目地慢慢走入缤纷的ai宇宙。,Python基础入门
35,Python从入门到精通(第3版),明日科技,明日科技,,2023,清华大学出版社,85.3,80.82,9.5,95%,70,软件发视频大讲堂 丛书是清华社计算机专业基础类零售图书畅销品牌之一。 （1）2008 2023年，丛书累计修订7次，销售400万册，深受广大程序员喜爱。 （2）4本荣获 全行业优畅销书 奖，1本荣获清华社 专业畅销书 一等奖，多数品种在全国计算机零售图书排行榜排行中名列前茅。 （3）实用、易懂、资源丰富，被数百所高校选为专业课教材。 《Python从门到精通（第3版）》以长更新稳定版本Python 3.11.0为基础，图书特如下。 1. 学通Python只需要4步：基础知识 核心技术 高级应用 项目实战，符合认知规律。 2. 271集同步教学微课 强化实战训练 在线答疑，夯实基础，精准，有效，速练，适合自学。 3. 127个应用实例 32个综合练习 5个项目案例，学习1小时，训练10小时，从门到项目上线，真正成为Python高手。 4. 根据图书首页说明，扫描书中二维码，明日科技账号注册页面，填写,python从入门到精通(第3版) 软件发视频大讲堂 丛书是清华社计算机专业基础类零售图书畅销品牌之一。 （1）2008 2023年，丛书累计修订7次，销售400万册，深受广大程序员喜爱。 （2）4本荣获 全行业优畅销书 奖，1本荣获清华社 专业畅销书 一等奖，多数品种在全国计算机零售图书排行榜排行中名列前茅。 （3）实用、易懂、资源丰富，被数百所高校选为专业课教材。 《python从门到精通（第3版）》以长更新稳定版本python 3.11.0为基础，图书特如下。 1. 学通python只需要4步：基础知识 核心技术 高级应用 项目实战，符合认知规律。 2. 271集同步教学微课 强化实战训练 在线答疑，夯实基础，精准，有效，速练，适合自学。 3. 127个应用实例 32个综合练习 5个项目案例，学习1小时，训练10小时，从门到项目上线，真正成为python高手。 4. 根据图书首页说明，扫描书中二维码，明日科技账号注册页面，填写,Python基础入门
36,Python+ChatGPT办公自动化实战,杨永刚,杨永刚,,2024,人民邮电出版社,79.9,31.99,4.0,40%,62,一本写给追求高效的职场人士的编程门书，手把手讲解，让简洁的Python更加易学： 300多段代码完全提供 大幅提升读者学习效率 在线交流 PPT文档 思维导图 多形式为学习提供保障,python+chatgpt办公自动化实战 一本写给追求高效的职场人士的编程门书，手把手讲解，让简洁的python更加易学： 300多段代码完全提供 大幅提升读者学习效率 在线交流 ppt文档 思维导图 多形式为学习提供保障,办公自动化
37,Python数据可视化从入门到项目实践（超值版）,宋翔,宋翔,,2025,清华大学出版社,99.0,94.1,9.5,95%,196,本书特色 ? 《Python数据可视化从入门到项目实践:超值版》主要包括使用Python内置对象以及NumPy和Pandas中的核心对象为图表构建数据的方法、Matplotlib图表的整体组成、创建图表的基本流程和两种编程方式、设置Matplotlib默认选项、使用Matplotlib库创建图形和坐标系、设置图形外观、设置坐标轴、为数据点添加注释、添加图表标题和图例、添加网格线和参考线，以及将图表保存为图片文件、使用Matplotlib/Seaborn/Pyecharts三个库创建不同类型的图表，以及使用它们进行数据可视化项目实战等。 ? 《Python数据可视化从入门到项目实践:超值版》结构系统，内容细致，概念清晰，注重技术细节的讲解，通用操作和特定操作相辅相成，使读者可以在最短的时间内学会Python数据可视化编程。 ? 《Python数据可视化从入门到项目实践:超值版》赠送示例源代码、重点内容的多媒体视频教程和,python数据可视化从入门到项目实践（超值版） 本书特色 ? 《python数据可视化从入门到项目实践:超值版》主要包括使用python内置对象以及numpy和pandas中的核心对象为图表构建数据的方法、matplotlib图表的整体组成、创建图表的基本流程和两种编程方式、设置matplotlib默认选项、使用matplotlib库创建图形和坐标系、设置图形外观、设置坐标轴、为数据点添加注释、添加图表标题和图例、添加网格线和参考线，以及将图表保存为图片文件、使用matplotlib/seaborn/pyecharts三个库创建不同类型的图表，以及使用它们进行数据可视化项目实战等。 ? 《python数据可视化从入门到项目实践:超值版》结构系统，内容细致，概念清晰，注重技术细节的讲解，通用操作和特定操作相辅相成，使读者可以在最短的时间内学会python数据可视化编程。 ? 《python数据可视化从入门到项目实践:超值版》赠送示例源代码、重点内容的多媒体视频教程和,Python基础入门
38,深度学习初学者指南,(智)巴勃罗・里瓦斯(PabloRivas),巴勃罗・里瓦斯,智,2022,机械工业出版社,71.5,59.4,8.3,83%,47,网络上的信息呈指数级爆炸式增长，通过浏览网络信息获得有助于行深度学习的可靠内容变得比以往任何时候都要困难。如果你是一个初学者，希望从头始学习深度学习理论以及构建深度学习模型，并且已经具备了门所需的基本数学知识和编程知识，那么这本书正是你所需要的。 本书从机器学习的基本概述始，指导你建立流行的基于Python语言的深度学习程序框架。你还将了解如何实现对数据的清洗和预处理，以便使用数据样本行深度学习，并逐步探索神经网络的训练方法和应用技术。本书还将帮助你亲自动手训练单层和多层神经元，从而深理解神经网络模型的工作原理。稍后，你将在一些简单应用实例的帮助下掌握若干当前比较流行的神经网络架构，例如CNN、RNN、AE、VAE和GAN。你甚至将从头始构建这些模型。在每一章的结尾处有一个问答环节，可以帮助你测试对本,深度学习初学者指南 网络上的信息呈指数级爆炸式增长，通过浏览网络信息获得有助于行深度学习的可靠内容变得比以往任何时候都要困难。如果你是一个初学者，希望从头始学习深度学习理论以及构建深度学习模型，并且已经具备了门所需的基本数学知识和编程知识，那么这本书正是你所需要的。 本书从机器学习的基本概述始，指导你建立流行的基于python语言的深度学习程序框架。你还将了解如何实现对数据的清洗和预处理，以便使用数据样本行深度学习，并逐步探索神经网络的训练方法和应用技术。本书还将帮助你亲自动手训练单层和多层神经元，从而深理解神经网络模型的工作原理。稍后，你将在一些简单应用实例的帮助下掌握若干当前比较流行的神经网络架构，例如cnn、rnn、ae、vae和gan。你甚至将从头始构建这些模型。在每一章的结尾处有一个问答环节，可以帮助你测试对本,机器学习与深度学习
39,Python网络爬虫项目开发全程实录,明日科技,明日科技,,2025,清华大学出版社,75.8,54.26,7.2,72%,20,《Python网络爬虫项目发全程实录》精选 11个热门的网络爬虫项目，突出了实用性。具体项目包含：智能破解验证码、手机数据爬取精灵、汽车之家图片抓取工具、高清壁纸快车(多线程版)、多程影视猎手、分布式爬取动态新闻数据、世界 500 强数据爬取与分析、二手房信息智能抓取分析系统、图书热销侦探、APP 数据采集先锋、微信智能机器人。本书从软件工程的角度出发，按照项目发的顺序，系统、全面地讲解每一个项目的发实现过程。体例上，每章一个项目，统一采用“发背景一系统设计一技术准备一各功能模块的设计与实现一项目运行一源码下载”的形式完整呈现项目，让读者快速积累实际项目经验与技巧，早日实现就业目标。<br/>【推荐语】<br/>9787302695035<br/>【作者】<br/>明日科技，全称是吉林省明日科技有限公司，是一家专业从事软件发、教育培训以及软件发教育资源整合的高科技公司，其编写的教材非常注重选取软件发中的必需、常用内容，同时也很注重内容的易学、方便性以及相关知识的拓展性，深受读者喜爱。其教材多次荣获“全行业优秀畅销品种”“全国高校出版社优秀畅销书”等奖项，多个品种长期位居同类图书销售排行,python网络爬虫项目开发全程实录 《python网络爬虫项目发全程实录》精选 11个热门的网络爬虫项目，突出了实用性。具体项目包含：智能破解验证码、手机数据爬取精灵、汽车之家图片抓取工具、高清壁纸快车(多线程版)、多程影视猎手、分布式爬取动态新闻数据、世界 500 强数据爬取与分析、二手房信息智能抓取分析系统、图书热销侦探、app 数据采集先锋、微信智能机器人。本书从软件工程的角度出发，按照项目发的顺序，系统、全面地讲解每一个项目的发实现过程。体例上，每章一个项目，统一采用“发背景一系统设计一技术准备一各功能模块的设计与实现一项目运行一源码下载”的形式完整呈现项目，让读者快速积累实际项目经验与技巧，早日实现就业目标。<br/>【推荐语】<br/>9787302695035<br/>【作者】<br/>明日科技，全称是吉林省明日科技有限公司，是一家专业从事软件发、教育培训以及软件发教育资源整合的高科技公司，其编写的教材非常注重选取软件发中的必需、常用内容，同时也很注重内容的易学、方便性以及相关知识的拓展性，深受读者喜爱。其教材多次荣获“全行业优秀畅销品种”“全国高校出版社优秀畅销书”等奖项，多个品种长期位居同类图书销售排行,网络爬虫
40,认识编程――以Python语言讲透编程的本质,郭屹,郭屹,,2021,机械工业出版社,49.0,59.9,12.2,122%,228,"笔者作为资深的企业软件设计师和架构师,主持研发的产品PSA多次荣获软件技术和产品奖： 2002年获得全球年度发伙伴奖 2007年获得澳大利亚*佳第三方发伙伴奖 2014年获得非洲年度发伙伴奖 在超过二十年的职业生涯中，主持过多个国家大型系统研发： 2006年负责发中国Veolia Water项目管理系统 2007 年负责发加拿大Avantage项目及计费系统(ATBS) 2009年负责发埃塞俄比亚电信(ETC)运营系统 2013年负责发加纳民航局(GCAA)人力资源系统 作者通过Python程序解决一个个有趣的问题，让人充分理解程序是如何组织，程序是如何执行的。 深浅出的讲解，讲透了编程的本质。作为一个资深程序员，现在读来依然收获颇多。 崇中华(北京代码澎湃CTO) 这本书不同于那些枯燥乏味的编程教程，作者彷佛给我们展一幅生动的画卷，化繁为简，用深浅出通俗易懂的语言，引领读者推编程世界的大","认识编程――以python语言讲透编程的本质 笔者作为资深的企业软件设计师和架构师,主持研发的产品psa多次荣获软件技术和产品奖： 2002年获得全球年度发伙伴奖 2007年获得澳大利亚*佳第三方发伙伴奖 2014年获得非洲年度发伙伴奖 在超过二十年的职业生涯中，主持过多个国家大型系统研发： 2006年负责发中国veolia water项目管理系统 2007 年负责发加拿大avantage项目及计费系统(atbs) 2009年负责发埃塞俄比亚电信(etc)运营系统 2013年负责发加纳民航局(gcaa)人力资源系统 作者通过python程序解决一个个有趣的问题，让人充分理解程序是如何组织，程序是如何执行的。 深浅出的讲解，讲透了编程的本质。作为一个资深程序员，现在读来依然收获颇多。 崇中华(北京代码澎湃cto) 这本书不同于那些枯燥乏味的编程教程，作者彷佛给我们展一幅生动的画卷，化繁为简，用深浅出通俗易懂的语言，引领读者推编程世界的大",其他/跨领域融合
41,看漫画学Python：有趣、有料、好玩、好用(全彩版),关东升,关东升,,2020,电子工业出版社,70.3,31.99,4.6,46%,2267,看漫画学Python，有趣、简单！ 提供配套视频、定期答疑 小灰、大胡子、臧秀涛等力赞！ 关东升、赵大羽新作,看漫画学python：有趣、有料、好玩、好用(全彩版) 看漫画学python，有趣、简单！ 提供配套视频、定期答疑 小灰、大胡子、臧秀涛等力赞！ 关东升、赵大羽新作,青少年/趣味编程
42,Python高效办公――玩转Excel数据分析,郝春吉,郝春吉,,2025,清华大学出版社,89.0,69.4,7.8,78%,172,在数字化时代，数据处理已成为职场技能。《Python高效办公 玩转Excel数据分析》是一本专为职场办公人员、数据分析专业人员、大学生、科研人员和程序员量身定制的实用指南。本书以任务为导向，结合丰富的数据分析案例及实际编程经验，深入浅出地介绍如何使用Python语言对Excel进行高效的数据处理。主要特色如下： (1)任务导向，即学即用：结合实际数据分析案例，以任务为导向，帮助读者快速上手。所有案例配有完整程序源代码及运行结果，确保读者能够立即应用所学知识。 (2)内容全面，版本兼容：涵盖Python基础知识、.xls和.xlsx文件数据处理、数据可视化、程序界面设计、数据预处理等。所有案例均在Python 3.11.3版本上运行通过，确保最新技术兼容性。 (3)适用广泛，提升效率：深入浅出的讲解，适合初学者快速入门，也适合有一定基础的读者提升技能。掌握Py,python高效办公――玩转excel数据分析 在数字化时代，数据处理已成为职场技能。《python高效办公 玩转excel数据分析》是一本专为职场办公人员、数据分析专业人员、大学生、科研人员和程序员量身定制的实用指南。本书以任务为导向，结合丰富的数据分析案例及实际编程经验，深入浅出地介绍如何使用python语言对excel进行高效的数据处理。主要特色如下： (1)任务导向，即学即用：结合实际数据分析案例，以任务为导向，帮助读者快速上手。所有案例配有完整程序源代码及运行结果，确保读者能够立即应用所学知识。 (2)内容全面，版本兼容：涵盖python基础知识、.xls和.xlsx文件数据处理、数据可视化、程序界面设计、数据预处理等。所有案例均在python 3.11.3版本上运行通过，确保最新技术兼容性。 (3)适用广泛，提升效率：深入浅出的讲解，适合初学者快速入门，也适合有一定基础的读者提升技能。掌握py,Python基础入门
43,深度学习入门4：强化学习,[日]斋藤康毅,斋藤康毅,日,2024,人民邮电出版社,109.8,54.9,5.0,50%,1038,沿袭 鱼书 系列风格，提供实际代码，边实践边学习，无须依赖外部库，从零开始实现支撑强化学习的基础技术。 本书有什么特点? ●把握潮流中的变与不变 在快速发展变化的深度学习领域，有变化的事物，有不变的事物。有些事物会随潮流而消逝，有些则会被传承下去。本书从马尔可夫决策过程、贝尔曼方程、蒙特卡洛方法、时间差分法等强化学习基础方法，自然而然地过渡到神经网络和深度学习，从前沿视角为读者遴选出最值得关注的强化学习理论和方法。 ●内容丰富，讲解简明易懂 作为超高人气 鱼书 系列第四部作品，本书延续了这一系列的写作和讲解风格，搭配丰富的图、表、代码示例，加上轻松、简明的讲解，能够让人非常信服地理解强化学习中各种方法之间的关系，于不知不觉中登堂入室。 ●原理与实践并重 本书旨在确保读者能够,深度学习入门4：强化学习 沿袭 鱼书 系列风格，提供实际代码，边实践边学习，无须依赖外部库，从零开始实现支撑强化学习的基础技术。 本书有什么特点? ●把握潮流中的变与不变 在快速发展变化的深度学习领域，有变化的事物，有不变的事物。有些事物会随潮流而消逝，有些则会被传承下去。本书从马尔可夫决策过程、贝尔曼方程、蒙特卡洛方法、时间差分法等强化学习基础方法，自然而然地过渡到神经网络和深度学习，从前沿视角为读者遴选出最值得关注的强化学习理论和方法。 ●内容丰富，讲解简明易懂 作为超高人气 鱼书 系列第四部作品，本书延续了这一系列的写作和讲解风格，搭配丰富的图、表、代码示例，加上轻松、简明的讲解，能够让人非常信服地理解强化学习中各种方法之间的关系，于不知不觉中登堂入室。 ●原理与实践并重 本书旨在确保读者能够,Python基础入门
44,Python量化交易实战,王晓华,王晓华,,2019,清华大学出版社,75.1,9.48,1.3,13%,452,(1)构建Python股票交易量化平台，实现交易量化技术;(2)详解股票交易主要模型、算法及其实现、应用;(3)量化交易工具提供云盘下载，方便读者学习,python量化交易实战 (1)构建python股票交易量化平台，实现交易量化技术;(2)详解股票交易主要模型、算法及其实现、应用;(3)量化交易工具提供云盘下载，方便读者学习,量化交易/金融分析
45,模式识别与人工智能（基于Python）,徐宏伟、周润景、孙伟霞、杜鑫、姜杰,徐宏伟、周润景、孙伟霞、杜鑫、姜杰,,2025,清华大学出版社,89.0,69.4,7.8,78%,147,本书针对每种模式识别算法，分为理论基础和实例操作两部分进行介绍。读者掌握基础理论后，通过实例可以了解算法的实现思路和方法；进一步掌握核心代码编写，就可以很快掌握模式识别技术。 书中涵盖人工智能与模式识别，涵盖模式识别概述、贝叶斯分类器设计、判别函数分类器设计、聚类分析、模糊聚类分析、神经网络聚类设计、模拟退火算法聚类设计、遗传算法聚类设计、蚁群算法聚类设 计、粒子群算法聚类设计。,模式识别与人工智能（基于python） 本书针对每种模式识别算法，分为理论基础和实例操作两部分进行介绍。读者掌握基础理论后，通过实例可以了解算法的实现思路和方法；进一步掌握核心代码编写，就可以很快掌握模式识别技术。 书中涵盖人工智能与模式识别，涵盖模式识别概述、贝叶斯分类器设计、判别函数分类器设计、聚类分析、模糊聚类分析、神经网络聚类设计、模拟退火算法聚类设计、遗传算法聚类设计、蚁群算法聚类设 计、粒子群算法聚类设计。,机器学习与深度学习
46,Python数据科学手册（第2版）,[美]杰克・万托布拉斯（JakeVanderPlas）,杰克・万托布拉斯,美,2025,人民邮电出版社,139.8,69.9,5.0,50%,468,1.【经典】热销经典新升级，上一版豆瓣评分 9.2，Amazon 4.6 星评 2.【热门】基于数据分析与数据科学超流行开源项目（ GitHub 43.9k ） 3.【全面】一书掌握Python四大库：NumPy pandas Matplotlib scikit-learn NumPy（大规模数值数据） pandas（数据处理和分析） Matplotlib（数据可视化） scikit-learn（机器学习） 4.【实操】附赠所有示例和彩图的源代码，Jupyter Notebook一键运行,python数据科学手册（第2版） 1.【经典】热销经典新升级，上一版豆瓣评分 9.2，amazon 4.6 星评 2.【热门】基于数据分析与数据科学超流行开源项目（ github 43.9k ） 3.【全面】一书掌握python四大库：numpy pandas matplotlib scikit-learn numpy（大规模数值数据） pandas（数据处理和分析） matplotlib（数据可视化） scikit-learn（机器学习） 4.【实操】附赠所有示例和彩图的源代码，jupyter notebook一键运行,机器学习与深度学习
47,Python量化交易实战――使用vn.py构建交易系统,欧阳鹏程,欧阳鹏程,,2023,清华大学出版社,79.0,61.6,7.8,78%,1370,★简明性 在完整论述量化系统与策略理论的同时，结合技术发展的热点，通过引入有限的复杂公式阐述量化交易策略的思想与方法，大量交易策略示例代码与详细的注释旨在降低读者的学习复杂度，帮助读者快速理解与上手。 ★连贯性 章节间的内容连贯性强，由浅入深地介绍不同知识结构体系，适合于不同基础的读者阅读学习，构建的知识体系具有前后关联与衔接性。 ★ 实用性 介绍的编程与金融基础知识可以灵活地应用于其他领域，鼓励读者使用本书介绍的知识构建自用的量化交易系统。,python量化交易实战――使用vn.py构建交易系统 ★简明性 在完整论述量化系统与策略理论的同时，结合技术发展的热点，通过引入有限的复杂公式阐述量化交易策略的思想与方法，大量交易策略示例代码与详细的注释旨在降低读者的学习复杂度，帮助读者快速理解与上手。 ★连贯性 章节间的内容连贯性强，由浅入深地介绍不同知识结构体系，适合于不同基础的读者阅读学习，构建的知识体系具有前后关联与衔接性。 ★ 实用性 介绍的编程与金融基础知识可以灵活地应用于其他领域，鼓励读者使用本书介绍的知识构建自用的量化交易系统。,量化交易/金融分析
48,Python机器学习与应用案例,蔡静,蔡静,,2025,清华大学出版社,69.0,53.8,7.8,78%,237,?全面性 内容由浅入深，既有原理介绍，又有实战操作，使读者在实践中掌握相关知识，并为解决问题提供详细的方法。 ?实用性 理论与实践相结合，实例丰富，具有实用性，帮助读者理解机器学习的概念、原理和算法。 ?通俗性 用浅显易懂的语言介绍Python机器学习的相关内容，即使没有机器学习基础的读者也可以快速上手。 ?易学性 提供程序代码、教学课件等资源，获取方式详见前言。,python机器学习与应用案例 ?全面性 内容由浅入深，既有原理介绍，又有实战操作，使读者在实践中掌握相关知识，并为解决问题提供详细的方法。 ?实用性 理论与实践相结合，实例丰富，具有实用性，帮助读者理解机器学习的概念、原理和算法。 ?通俗性 用浅显易懂的语言介绍python机器学习的相关内容，即使没有机器学习基础的读者也可以快速上手。 ?易学性 提供程序代码、教学课件等资源，获取方式详见前言。,机器学习与深度学习
49,语音与音乐信号处理轻松入门（基于Python与PyTorch）,姚利民,姚利民,,2025,清华大学出版社,69.0,53.8,7.8,78%,144,本书以科普读物风格对音频信号处理由浅入深地进行了介绍，同时辅以大量实战案例，以期达到轻松入门、事半功倍的效果。 通俗易懂 语言生动、浅显易懂，避免枯燥的理论和公式。 图文并茂 大量插图配合文字说明有助于抽象概念的理解。 内容丰富 包括声学基础、音频信号分析、语音识别、语音合成、音乐分析、MIDI编曲、深度学习等丰富内容。 轻松实战 采用Python和PyToch（深度学习部分）编程，门槛低，易学易会；主要函数列出函数原型，便于应用和参考。 大量示例 介绍了音频处理各领域众多Python库的用法，如NumPy、SciPy、Librosa、Pyaudio、Moviepy、Pydub、Soundfile、OpenAI-whisper、Pyttx3、SpeechLib、PyWorld、Parselmouth、Mido、Music21、PyTorch等。,语音与音乐信号处理轻松入门（基于python与pytorch） 本书以科普读物风格对音频信号处理由浅入深地进行了介绍，同时辅以大量实战案例，以期达到轻松入门、事半功倍的效果。 通俗易懂 语言生动、浅显易懂，避免枯燥的理论和公式。 图文并茂 大量插图配合文字说明有助于抽象概念的理解。 内容丰富 包括声学基础、音频信号分析、语音识别、语音合成、音乐分析、midi编曲、深度学习等丰富内容。 轻松实战 采用python和pytoch（深度学习部分）编程，门槛低，易学易会；主要函数列出函数原型，便于应用和参考。 大量示例 介绍了音频处理各领域众多python库的用法，如numpy、scipy、librosa、pyaudio、moviepy、pydub、soundfile、openai-whisper、pyttx3、speechlib、pyworld、parselmouth、mido、music21、pytorch等。,Python基础入门
50,深入浅出Python量化交易实战,段小手,段小手,,2021,清华大学出版社,99.0,77.2,7.8,78%,4051,简单易懂：即便是非金融或投资专业的读者也可以看懂。 直截了当：不谈理论，只讲方法，带领读者使用真实数据集进行操练。 轻松愉快：没有说教，如朋友般娓娓道来，还有小瓦姑娘陪你练习。 前沿视角：将国际前沿的自然语言处理技术引入书中，令人耳目一新。 使用Python获得真实的股票行情数据，让你快速上手； 设计简单的交易策略，让交易信号告诉你什么时候下单买卖； 徒手 实现一个简单的回测程序，让它帮你评估策略的收益情况； 用Python实现经典的交易策略并回测，让你心中有数； 使用KNN模型预测股价的涨跌，并基于此设计交易策略； 利用第三方量化交易平台获取更多数据； 使用PCA主成分分析制作你的专属交易因子，用它来选股； 对因子进行分析，找到在某个时间范围内能带来较高收益的因子； 将经典机器学习算法与因子结合起来设计交易策略,深入浅出python量化交易实战 简单易懂：即便是非金融或投资专业的读者也可以看懂。 直截了当：不谈理论，只讲方法，带领读者使用真实数据集进行操练。 轻松愉快：没有说教，如朋友般娓娓道来，还有小瓦姑娘陪你练习。 前沿视角：将国际前沿的自然语言处理技术引入书中，令人耳目一新。 使用python获得真实的股票行情数据，让你快速上手； 设计简单的交易策略，让交易信号告诉你什么时候下单买卖； 徒手 实现一个简单的回测程序，让它帮你评估策略的收益情况； 用python实现经典的交易策略并回测，让你心中有数； 使用knn模型预测股价的涨跌，并基于此设计交易策略； 利用第三方量化交易平台获取更多数据； 使用pca主成分分析制作你的专属交易因子，用它来选股； 对因子进行分析，找到在某个时间范围内能带来较高收益的因子； 将经典机器学习算法与因子结合起来设计交易策略,机器学习与深度学习
